id,SDE,Kesk,Volt,E200,Reform,Isamaa,Parempoolsed,EKRE
ECO01,-1,-1,-1,0,0,1,1,0
ECO02,-1,-1,-1,-2,-2,-2,-2,-1
ECO03,-1,-1,-1,1,1,1,1,1
ECO04,2,2,1,0,0,1,1,2
ECO05,-1,-1,0,1,2,1,2,0
ECO06,-2,-2,1,1,1,0,0,-1
ECO07,1,1,1,0,0,0,0,0
ECO08,2,2,2,1,1,1,1,-2
ECO09,-1,-1,1,1,1,1,1,1
ECO10,-1,-1,-1,1,1,0,0,0
ECO11,-2,-2,-2,1,1,0,1,1
ECO12,1,1,-1,-1,-1,-1,-1,-1
ECO13,0,1,2,-2,-2,-1,-2,-2
ECO14,-2,-2,-2,0,0,0,0,1
ECO15,0,0,1,2,2,2,2,2
ECO16,1,1,2,2,2,2,2,-1
ECO17,1,1,2,2,2,2,2,-2
ECO18,1,1,1,1,1,1,1,0
ECO19,1,1,-1,-1,-1,0,0,1
ECO20,0,0,2,2,2,1,1,-2
SOC01,-1,-1,-2,-1,-1,1,1,2
SOC02,-1,-1,2,0,1,-1,-1,-1
SOC03,-2,-2,-2,-2,-2,0,1,2
SOC04,1,1,2,1,1,-1,-1,-1
SOC05,2,-1,2,1,1,0,0,-2
SOC06,1,1,1,-1,-1,-1,-1,-2
SOC07,1,1,1,1,1,-1,-1,-1
SOC08,2,2,2,2,2,1,1,-1
SOC09,-1,-1,-2,-1,-1,1,1,0
SOC10,-2,-2,-2,-2,-2,0,0,1
SOC11,1,1,1,1,1,0,0,-2
SOC12,0,-1,1,-1,0,-2,-1,-2
SOC13,2,2,2,2,2,1,1,-2
SOC14,2,0,-1,2,1,2,1,2
SOC15,-2,-2,-2,-2,-2,-1,-1,2
SOC16,1,1,2,2,2,2,2,0
SOC17,0,0,-1,-1,-1,0,0,-1
SOC18,0,0,-1,-2,-2,-1,-1,0
SOC19,0,0,1,2,2,1,1,-1
SOC20,1,0,1,2,2,2,2,2
POL01,2,2,2,2,2,1,1,-1
POL02,-2,-2,-2,-2,-2,-2,-2,1
POL03,2,2,2,2,2,2,2,-1
POL04,2,2,1,2,2,2,2,0
POL05,-2,-2,-1,-2,-2,-2,-2,1
POL06,2,2,2,2,2,2,2,-1
POL07,0,0,-1,-1,-1,0,0,-1
POL08,-2,-2,-2,-1,-1,-1,-1,2
POL09,1,1,1,2,2,1,1,-1
POL10,1,1,1,1,1,1,1,1
POL11,-2,-2,-2,-2,-2,-1,-1,1
POL12,-2,-2,-2,-2,-2,-2,-2,-2
POL13,2,2,2,2,2,1,1,-1
POL14,2,2,2,2,2,2,2,1
POL15,2,1,2,2,2,2,2,2
POL16,2,2,2,2,2,1,1,-2
POL17,2,2,2,2,2,2,2,-2
POL18,-2,-2,-2,-2,-2,-2,-2,1
POL19,2,2,2,0,1,0,0,-2
POL20,-2,-2,-2,-2,-2,-1,-1,2
