id,Stačilo!,Piráti,Volt,STAN,SPOLU,ANO,Motoristé,SPD
ECO01,-2,0,-1,1,1,-1,1,1
ECO02,2,0,-1,-2,-2,-1,-1,-1
ECO03,-2,-2,-1,1,1,-1,1,1
ECO04,2,2,1,1,1,2,1,2
ECO05,-2,-1,0,1,2,0,1,1
ECO06,-2,-2,1,0,0,-1,1,1
ECO07,1,2,1,0,0,0,0,-1
ECO08,1,2,2,1,1,-2,-2,-2
ECO09,-2,-1,1,1,1,1,2,2
ECO10,-2,-1,-1,0,0,0,1,1
ECO11,-2,-2,-2,0,1,1,2,1
ECO12,2,1,-1,-1,-1,-1,-1,-1
ECO13,2,2,2,-1,-1,-2,-2,-2
ECO14,-2,-2,-2,0,0,-1,1,2
ECO15,-2,-1,1,2,2,2,2,2
ECO16,-2,-1,2,2,2,-1,1,0
ECO17,-1,1,2,2,2,-2,-1,-2
ECO18,1,2,1,1,1,0,1,-1
ECO19,2,0,-1,0,0,1,0,1
ECO20,-1,1,2,1,1,-2,-1,-2
SOC01,-2,-2,-2,1,1,2,1,2
SOC02,-1,0,2,-1,-1,-1,0,-1
SOC03,-2,-2,-2,-1,1,0,0,1
SOC04,1,2,2,-1,-1,-1,-1,-1
SOC05,-1,2,2,0,0,-2,-2,-2
SOC06,2,1,1,-1,-1,-2,-2,-2
SOC07,2,1,1,-1,-1,-1,0,-1
SOC08,2,2,2,1,1,-1,-1,-2
SOC09,-2,-2,-2,1,1,0,-1,-1
SOC10,-2,-2,-2,0,0,0,0,0
SOC11,-1,2,1,0,0,-2,-2,-2
SOC12,-2,2,1,-1,-2,-2,-2,-2
SOC13,2,2,2,1,1,-2,-1,-2
SOC14,-2,-1,-1,1,1,2,2,2
SOC15,-2,-2,-2,-1,-1,2,1,2
SOC16,-1,0,2,2,2,0,1,0
SOC17,1,0,-1,0,0,-1,0,-2
SOC18,1,0,-1,-1,-1,0,-1,0
SOC19,-1,-2,1,1,1,-1,0,0
SOC20,-2,1,1,2,2,2,2,2
POL01,2,2,2,1,1,-1,0,-1
POL02,-2,-2,-2,-2,-2,1,0,1
POL03,1,2,2,2,2,-1,0,0
POL04,1,2,1,2,2,0,0,0
POL05,0,-1,-1,-2,-2,0,0,1
POL06,2,2,2,2,2,-1,-1,-1
POL07,-1,-2,-1,0,0,-1,-2,-1
POL08,-2,-2,-2,-1,-1,2,1,2
POL09,1,1,1,1,1,-1,1,-1
POL10,0,1,1,1,1,1,1,2
POL11,-2,-2,-2,-1,-1,1,0,1
POL12,2,-2,-2,-2,-2,0,0,2
POL13,2,2,2,1,1,-1,-1,-1
POL14,-2,2,2,2,2,0,0,-2
POL15,-2,1,2,2,2,1,1,-2
POL16,-2,2,2,1,1,-1,-2,-2
POL17,-1,2,2,2,2,-2,-2,-2
POL18,-1,-2,-2,-2,-2,1,0,2
POL19,1,2,2,0,-1,-2,-2,-2
POL20,-2,-2,-2,-1,-1,2,1,2
