id,axis,multiplier,short
ECO01,economic,1,1
ECO02,economic,-1,0
ECO03,economic,1,1
ECO04,economic,-1,0
ECO05,economic,1,0
ECO06,economic,1,0
ECO07,economic,-1,0
ECO08,economic,-1,1
ECO09,economic,1,1
ECO10,economic,1,0
ECO11,economic,1,0
ECO12,economic,-1,1
ECO13,economic,-1,0
ECO14,economic,1,1
ECO15,economic,1,0
ECO16,economic,1,1
ECO17,economic,1,0
ECO18,economic,-1,0
ECO19,economic,-1,1
ECO20,economic,1,0
SOC01,social,-1,1
SOC02,social,1,0
SOC03,social,-1,0
SOC04,social,1,0
SOC05,social,1,0
SOC06,social,1,1
SOC07,social,1,1
SOC08,social,1,0
SOC09,social,-1,0
SOC10,social,-1,1
SOC11,social,1,1
SOC12,social,1,1
SOC13,social,1,0
SOC14,social,-1,0
SOC15,social,-1,0
SOC16,social,1,1
SOC17,social,-1,0
SOC18,social,-1,1
SOC19,social,1,0
SOC20,social,1,0
POL01,political,1,0
POL02,political,-1,1
POL03,political,1,1
POL04,political,1,0
POL05,political,-1,0
POL06,political,1,0
POL07,political,-1,0
POL08,political,-1,0
POL09,political,1,1
POL10,political,1,0
POL11,political,-1,1
POL12,political,-1,0
POL13,political,1,1
POL14,political,1,0
POL15,political,1,1
POL16,political,1,0
POL17,political,1,1
POL18,political,-1,1
POL19,political,1,0
POL20,political,-1,0
