id,text
ECO01,"Gestionarea privată tinde să fie mai eficientă decât cea publică, deci serviciile de sănătate ar trebui prestate de furnizori privați cu finanțare publică."
ECO02,"Parteneriatele public-privat nu sunt un instrument util pentru țară, chiar dacă sunt bine negociate și supravegheate."
ECO03,"Ajutoarele de șomaj generoase descurajează căutarea unui loc de muncă și înființarea de firme și, pe termen lung, fac adesea mai mult rău decât bine."
ECO04,"Există mai multe infrastructuri și companii care trebuie să rămână publice, pentru că sunt strategice pentru suveranitatea țării."
ECO05,"Este esențial ca datoria publică să fie ținută sub control, chiar dacă asta înseamnă tăieri ale investițiilor publice, ale salariilor bugetare și ale cheltuielilor sociale."
ECO06,"O protecție mai redusă împotriva concedierii ar stimula firmele să angajeze, dinamizând economia și crearea de locuri de muncă."
ECO07,"Statul ar trebui să folosească facilități fiscale pentru a orienta consumul sau investițiile spre obiective strategice, chiar dacă sistemul fiscal devine mai complicat."
ECO08,Statul ar trebui să folosească taxe și reglementări de mediu pentru a combate schimbările climatice.
ECO09,"Reglementarea economică îi protejează pe consumatori și pe angajați, dar este adesea excesivă și sufocă economia și antreprenoriatul."
ECO10,"În general, sectorul privat ia decizii de investiții mai bune decât statul, care rareori știe unde să aloce eficient resursele."
ECO11,"Impozitul pe venit ar trebui să fie mai puțin progresiv pentru a atrage și a păstra oameni talentați, cu venituri mai mari și calificări mai bune."
ECO12,"De regulă, reducerea impozitului pe profit are puține efecte pozitive asupra investițiilor și asupra competitivității internaționale a economiei."
ECO13,"Moștenirile mari ar trebui impozitate, pentru că moștenitorii nu au niciun merit în primirea acestui venit."
ECO14,Ajutoarele țintite pentru cei mai nevoiași pot crea adesea dependență de stat și pot fi contraproductive pe termen lung.
ECO15,"De regulă, cu cât crește povara fiscală, cu atât activitatea economică este mai descurajată."
ECO16,"În majoritatea cazurilor, comerțul liber îmbunătățește bunăstarea tuturor țărilor implicate."
ECO17,Economia europeană este încă prea fragmentată și ar trebui să evolueze spre o adevărată piață unică pentru a concura cu SUA și China.
ECO18,"Uniunea Europeană ar trebui să țină cont de considerente geopolitice și strategice în loc să facă liber comerț cu toate țările, indiferent de valorile și politicile lor."
ECO19,"Dacă o industrie națională cândva puternică suferă din cauza concurenței internaționale, statul ar trebui să o sprijine sau să o protejeze."
ECO20,"Munca și înființarea unei firme în orice țară din UE ar trebui să fie mai ușoare, chiar dacă asta înseamnă renunțarea la o parte din controlul asupra legislației economice și a muncii la nivel național."
SOC01,Consumul recreativ de canabis ar trebui interzis.
SOC02,Prostituția ar trebui legalizată și reglementată.
SOC03,Eutanasia ar trebui interzisă.
SOC04,"Societățile ar trebui să acorde mai multă importanță bunăstării animalelor, chiar dacă asta amenință tradiții naționale."
SOC05,"Este esențial ca școala să-i învețe pe copii despre diversitatea experienței umane – inclusiv despre discriminarea pe criterii de rasă, gen sau orientare sexuală – pentru a construi o societate mai dreaptă și mai empatică."
SOC06,"Egalitatea de șanse între sexe și etnii nu este suficientă; trebuie garantată egalitatea rezultatelor, mai ales prin cote permanente în sectorul public și privat."
SOC07,Religia ar trebui ținută complet în afara școlilor publice.
SOC08,Statul ar trebui să fie tolerant față de minoritățile religioase din țară.
SOC09,"Biserica joacă un rol pozitiv și important în societate, așa că nu ar trebui să plătească impozite."
SOC10,O religie dominantă și relevantă cultural este esențială pentru coeziunea socială a unei țări.
SOC11,Comunitățile cu culturi diferite îmbogățesc societatea fără a pune în pericol cultura națională.
SOC12,"Imigrația ar trebui să fie ușoară, deoarece marea majoritate a imigranților își doresc o viață mai bună în armonie cu populația locală și contribuie pozitiv la țară."
SOC13,"Nu este corect să stigmatizăm un grup social, chiar dacă o minoritate din acel grup este asociată cu comportamente nepotrivite sau ilegale."
SOC14,"Imigranții ar trebui obligați să învețe limba țării-gazdă, chiar dacă respectă legile."
SOC15,Imigranții nu ar trebui să aibă aceleași drepturi legale și civice ca populația autohtonă.
SOC16,"Investițiile în progres tehnologic (energie curată, eficiență energetică, vehicule electrice) – nu reducerea consumului – sunt cea mai bună cale de a combate schimbările climatice și de a proteja mediul."
SOC17,Impactul social al rețelelor de socializare este mai degrabă negativ decât pozitiv.
SOC18,Costurile sociale ale inteligenței artificiale vor depăși cu mult beneficiile ei.
SOC19,Ar trebui să mizăm pe organismele modificate genetic (OMG) și să explorăm alte forme de inginerie genetică.
SOC20,Europa ar trebui să mizeze mai mult pe energia nucleară.
POL01,Separația puterilor este mai importantă decât rapiditatea deciziilor politice.
POL02,"Progresul social și politic durabil vine de la lideri puternici și luminați, nu din dialog și compromis între diferitele părți ale societății."
POL03,"Este esențial ca o democrație să aibă mecanisme puternice de control reciproc între puteri, chiar dacă asta face sistemul politic mai complex și mai opac, iar răspunderea mai greu de stabilit."
POL04,"Este important ca funcționarii publici să fie protejați de presiunile politice, chiar dacă asta îngreunează reformele administrației publice."
POL05,"Sistemul politic al țării mele are nevoie de o reformă profundă, pentru că instituțiile sale nu pot fi reformate și îmbunătățite."
POL06,"Constituția ar trebui să protejeze drepturile individuale fără a discrimina minoritățile, indiferent de voința majorității."
POL07,Statul ar trebui să încerce să reglementeze presa pentru a împiedica răspândirea știrilor false.
POL08,"Scopul principal al sistemului penitenciar ar trebui să fie pedepsirea severă pentru a descuraja infracționalitatea, nu reintegrarea infractorilor."
POL09,"Libertatea de exprimare trebuie protejată chiar și atunci când ofensează minorități oprimate sau figuri de autoritate ori vizează simboluri naționale, atâta timp cât nu incită la violență."
POL10,"Unele libertăți nu ar trebui restrânse niciodată, nici măcar temporar și nici în fața unor evenimente extraordinare (precum un război sau o pandemie)."
POL11,Este mai important să ne asigurăm că infractorii și corupții sunt prinși și pedepsiți decât că nevinovații nu sunt urmăriți sau condamnați pe nedrept.
POL12,"Uniunea Europeană nu ar trebui să ajute democrațiile liberale împotriva agresiunii țărilor autocratice, nici economic, nici prin sprijin militar."
POL13,Cea mai bună cale de a rezolva chestiuni diplomatice complexe precum conflictul israeliano-palestinian este ca comunitatea internațională să consolideze organizațiile internaționale precum ONU.
POL14,Sancțiunile economice sunt o modalitate bună de a condamna acțiuni de politică externă cu care nu suntem de acord și de a promova valorile țării la nivel internațional.
POL15,"Alianțele militare cu țări care au valori asemănătoare, precum NATO, sunt cea mai bună garanție a unei păci durabile, chiar dacă, în cel mai rău caz, înseamnă să fim atrași într-un război."
POL16,"Aderarea la Uniunea Europeană a fost benefică, iar o integrare europeană mai profundă este de dorit, chiar dacă implică un transfer mai mare de suveranitate națională."
POL17,"Faptul de a face parte dintr-o Uniune Europeană mai puternică ar fi benefic pentru țara mea pe termen lung, chiar dacă pe termen scurt ar putea aduce costuri în unele domenii, precum politica agricolă și a pescuitului."
POL18,"Probleme precum schimbările climatice și evaziunea fiscală internațională pot fi rezolvate prin politici naționale, fără cooperare și integrare politică internațională."
POL19,Emiterea de datorie europeană comună este un pas important și dezirabil pentru integrarea europeană viitoare.
POL20,Țările dezvoltate nu au obligația morală de a primi refugiați care fug din țara lor din cauza războiului sau a schimbărilor climatice.
