id,ADPD,PL,Volt,PN
ECO01,-1,-1,-1,1
ECO02,0,-1,-1,-2
ECO03,-2,-1,-1,1
ECO04,2,2,1,1
ECO05,-1,-1,0,1
ECO06,-2,-2,1,0
ECO07,2,1,1,0
ECO08,2,2,2,1
ECO09,-1,-1,1,1
ECO10,-1,-1,-1,0
ECO11,-2,-2,-2,0
ECO12,1,1,-1,-1
ECO13,2,1,2,-1
ECO14,-2,-2,-2,0
ECO15,-1,0,1,2
ECO16,0,1,2,2
ECO17,1,1,2,2
ECO18,2,1,1,1
ECO19,0,1,-1,0
ECO20,1,0,2,1
SOC01,-2,-1,-2,1
SOC02,0,-1,2,-1
SOC03,-2,1,-2,2
SOC04,2,1,2,-1
SOC05,2,2,2,0
SOC06,1,1,1,-1
SOC07,1,1,1,-1
SOC08,2,2,2,1
SOC09,-2,-1,-2,1
SOC10,-2,-2,-2,1
SOC11,2,1,1,0
SOC12,1,1,1,-1
SOC13,2,2,2,1
SOC14,-1,0,-1,1
SOC15,-2,-2,-2,-1
SOC16,0,1,2,2
SOC17,0,0,-1,0
SOC18,0,0,-1,-1
SOC19,-2,0,1,1
SOC20,-2,0,1,2
POL01,2,2,2,1
POL02,-2,-2,-2,-2
POL03,2,2,2,2
POL04,2,2,1,2
POL05,-1,-2,-1,-2
POL06,2,2,2,2
POL07,0,0,-1,0
POL08,-2,-2,-2,-1
POL09,1,1,1,1
POL10,1,1,1,1
POL11,-2,-2,-2,-1
POL12,-2,-2,-2,-2
POL13,2,2,2,1
POL14,1,2,2,2
POL15,-1,1,2,2
POL16,2,2,2,1
POL17,2,2,2,2
POL18,-2,-2,-2,-2
POL19,2,2,2,0
POL20,-2,-2,-2,-1
