code,color,url
SP,#EE1C25,https://www.sp.nl/
PvdD,#0B7A3B,https://www.partijvoordedieren.nl/
DENK,#00808C,https://www.bewegingdenk.nl/
GL-PvdA,#C0254B,https://groenlinkspvda.nl/
Volt,#502379,https://voltnederland.org/
D66,#2DB34A,https://d66.nl/
50PLUS,#C2187A,https://www.50pluspartij.nl/
CDA,#00A68A,https://www.cda.nl/
CU,#00A7EB,https://www.christenunie.nl/
VVD,#FF7709,https://www.vvd.nl/
BBB,#94C11F,https://boerburgerbeweging.nl/
JA21,#5B7BD5,https://ja21.nl/
SGP,#B85C1E,https://sgp.nl/
PVV,#1B3F8B,https://www.pvv.nl/
FvD,#8B1A1A,https://fvd.nl/
