id,PS,AD,Chega,IL,CDU,Livre,PAN,BE,ADN,RIR,JPP,Nova Direita,PCTP/MRPP,Volt
ECO01,-1,1,2,2,-2,-2,0,-2,2,0,0,1,-2,-1
ECO02,-1,-2,-2,-2,2,-1,0,2,-2,0,-1,-2,2,-1
ECO03,-1,1,1,1,-2,-2,-1,-2,1,-1,0,1,-2,-1
ECO04,2,1,-1,-2,2,2,1,2,1,2,2,-1,2,1
ECO05,0,1,0,2,-2,-1,0,-2,-1,-1,0,2,-2,0
ECO06,-1,0,0,2,-2,-2,-1,-2,-1,-1,0,1,-2,1
ECO07,1,0,-1,-2,2,2,1,2,-1,1,1,-2,2,1
ECO08,2,1,-1,-2,1,2,2,2,-2,1,1,-1,2,2
ECO09,-1,1,2,2,-2,-1,-1,-2,1,0,0,1,-2,1
ECO10,-2,-1,1,2,-2,-2,-1,-2,1,0,0,1,-2,-1
ECO11,-2,-1,1,2,-2,-2,-2,-2,0,-2,-1,1,-2,-2
ECO12,1,-1,-1,-2,2,2,-1,2,-1,0,-1,-2,2,-1
ECO13,0,-1,-2,-2,2,2,1,2,0,0,0,-2,2,2
ECO14,-2,-1,1,0,-2,-2,-2,-2,1,-2,-1,0,-2,-2
ECO15,1,2,2,2,-2,-1,1,-2,2,1,1,2,-2,1
ECO16,1,2,-1,2,-1,0,1,-1,0,1,1,1,-2,2
ECO17,1,1,-2,2,-1,1,0,-2,-2,0,1,-1,-2,2
ECO18,1,0,0,-1,1,1,1,2,1,1,1,0,2,1
ECO19,0,-1,1,-2,2,1,0,1,1,0,0,0,2,-1
ECO20,0,1,-1,2,-2,1,1,-1,-2,0,0,0,-2,2
SOC01,-1,1,2,-2,1,-2,-2,-2,2,-1,1,2,1,-2
SOC02,0,-1,-2,2,-1,2,1,2,-2,0,0,-2,-2,2
SOC03,-2,1,2,-2,1,-2,-2,-2,1,0,0,2,1,-2
SOC04,1,-1,-2,0,-1,2,2,2,-1,1,0,-2,-1,2
SOC05,1,0,-2,0,1,2,2,2,-2,1,0,-2,-1,2
SOC06,1,0,-2,-1,1,2,1,2,-2,-1,-1,-2,1,1
SOC07,1,0,-2,0,1,2,1,2,-2,1,1,-2,2,1
SOC08,2,1,-1,2,2,2,2,2,-1,2,2,-1,2,2
SOC09,0,1,2,-1,-2,-2,-1,-2,-1,0,0,2,-2,-2
SOC10,-1,0,2,-2,-2,-2,-2,-2,2,0,0,2,-2,-2
SOC11,1,0,-2,1,1,2,1,2,-2,1,0,-2,1,1
SOC12,1,-1,-2,1,1,2,1,2,-2,1,0,-1,1,1
SOC13,2,1,-2,1,2,2,2,2,-1,2,2,-1,2,2
SOC14,-1,0,2,-1,-1,-2,-1,-2,1,0,0,2,0,-1
SOC15,-1,0,2,-1,-2,-2,-2,-2,1,-1,-1,2,-1,-2
SOC16,1,1,0,2,-1,-1,-1,-1,0,0,1,0,-1,2
SOC17,0,1,-2,-2,2,-1,-1,0,-2,0,1,-2,2,-1
SOC18,-1,-1,0,-2,1,-1,-1,0,0,0,-1,-1,1,-1
SOC19,1,1,0,2,-1,1,-1,-1,-1,0,0,0,-1,1
SOC20,-1,-1,2,1,-1,1,-2,-2,1,-1,0,1,-1,1
POL01,1,1,0,1,2,2,2,2,0,1,1,-1,1,2
POL02,-2,-2,1,-2,-1,-2,-2,-2,1,-2,-2,1,0,-2
POL03,2,2,0,2,1,2,2,1,0,2,2,1,0,2
POL04,2,2,1,2,1,2,2,2,1,2,2,1,2,1
POL05,-2,-2,1,-1,1,-1,-1,1,2,-1,-1,1,2,-1
POL06,2,2,-1,2,1,2,2,1,-1,2,2,-1,2,2
POL07,-1,-1,-1,-2,-1,-2,-2,-1,-2,-2,-2,-1,1,-1
POL08,-2,-1,2,-1,-1,-2,-2,-2,2,-1,-1,1,0,-2
POL09,1,1,-1,2,1,2,1,2,0,1,1,-1,2,1
POL10,1,1,1,1,0,1,1,0,0,1,1,1,0,1
POL11,-2,-1,1,-2,-1,-2,-2,-2,1,-2,-2,0,-1,-2
POL12,-2,-2,1,-2,2,-2,-2,1,1,-1,-2,1,2,-2
POL13,2,2,-1,1,1,2,2,2,-1,2,2,0,-1,2
POL14,2,2,-1,1,-1,2,2,1,-1,2,2,0,-2,2
POL15,2,2,1,2,-2,1,1,-1,0,1,2,1,-2,2
POL16,1,1,-1,2,-2,2,1,-1,-1,1,1,0,-2,2
POL17,2,2,-2,2,-2,2,2,-1,-1,1,1,-1,-2,2
POL18,-2,-1,1,-1,-1,-1,-2,-1,2,-1,-1,1,-1,-2
POL19,2,1,-1,0,-2,1,1,0,-1,1,1,-1,-2,2
POL20,-2,-1,2,-1,-2,-2,-2,-2,1,-2,-2,2,-1,-2
